lang	kind	n	rep	status	wall_ms	maxrss_kb	counter	internal_ms	detail
forge	lightweight	1	1	OK	6.279	4128	1	0.137	
forge	lightweight	1	2	OK	6.387	4192	1	0.177	
forge	lightweight	1	3	OK	6.397	4116	1	0.194	
forge	lightweight	1000	1	OK	6.254	4180	1000	0.833	
forge	lightweight	1000	2	OK	6.263	4164	1000	0.667	
forge	lightweight	1000	3	OK	6.302	4344	1000	0.553	
forge	lightweight	10000	1	OK	16.721	5876	10000	10.930	
forge	lightweight	10000	2	OK	16.585	5788	10000	11.125	
forge	lightweight	10000	3	OK	18.727	5800	10000	11.289	
forge	lightweight	100000	1	OK	145.483	21408	100000	125.330	
forge	lightweight	100000	2	OK	120.021	21260	100000	106.478	
forge	lightweight	100000	3	OK	113.721	21144	100000	98.155	
forge	lightweight	1000000	1	OK	1131.111	175472	1000000	1046.791	
forge	lightweight	1000000	2	OK	1056.190	175788	1000000	969.147	
forge	lightweight	1000000	3	OK	962.260	175944	1000000	879.416	
go	lightweight	1	1	OK	2.142	3660	1	0.008	
go	lightweight	1	2	OK	4.212	5708	1	0.009	
go	lightweight	1	3	OK	4.214	5708	1	0.009	
go	lightweight	1000	1	OK	4.325	7860	1000	1.011	
go	lightweight	1000	2	OK	6.321	9792	1000	1.383	
go	lightweight	1000	3	OK	4.232	7860	1000	1.091	
go	lightweight	10000	1	OK	14.600	14032	10000	9.467	
go	lightweight	10000	2	OK	14.590	14048	10000	9.547	
go	lightweight	10000	3	OK	14.594	16116	10000	10.034	
go	lightweight	100000	1	OK	95.144	20380	100000	89.691	
go	lightweight	100000	2	OK	86.951	18280	100000	83.918	
go	lightweight	100000	3	OK	92.917	20224	100000	89.832	
go	lightweight	1000000	1	OK	789.869	18308	1000000	786.474	
go	lightweight	1000000	2	OK	784.338	18324	1000000	780.432	
go	lightweight	1000000	3	OK	789.979	24692	1000000	786.213	
c	os-thread	1	1	OK	2.170	1652	1	0.149	
c	os-thread	1	2	OK	2.183	1520	1	0.208	
c	os-thread	1	3	OK	2.186	1520	1	0.190	
c	os-thread	1000	1	OK	35.161	9584	1000	33.258	
c	os-thread	1000	2	OK	28.919	9716	1000	26.777	
c	os-thread	1000	3	OK	31.359	9716	1000	30.160	
c	os-thread	10000	1	OK	241.565	83312	10000	238.713	
c	os-thread	10000	2	OK	234.680	83744	10000	232.773	
c	os-thread	10000	3	OK	241.157	83876	10000	238.634	
c	os-thread	100000	1	OK	2206.935	829652	100000	2202.980	
c	os-thread	100000	2	OK	2340.077	829376	100000	2336.323	
c	os-thread	100000	3	OK	2240.429	829220	100000	2235.003	
c	os-thread	1000000	1	OOM					cgroup OOM-kill under MemoryMax=4500M (no harness output); 
c	os-thread	1000000	2	OOM					cgroup OOM-kill under MemoryMax=4500M (no harness output); 
c	os-thread	1000000	3	OOM					cgroup OOM-kill under MemoryMax=4500M (no harness output); 
rust_thread	os-thread	1	1	OK	4.262	1976	1	0.332	
rust_thread	os-thread	1	2	OK	2.336	2008	1	0.243	
rust_thread	os-thread	1	3	OK	2.158	2072	1	0.211	
rust_thread	os-thread	1000	1	OK	35.083	10044	1000	32.008	
rust_thread	os-thread	1000	2	OK	35.258	9756	1000	33.418	
rust_thread	os-thread	1000	3	OK	35.078	9756	1000	33.449	
rust_thread	os-thread	10000	1	OK	282.151	85816	10000	278.809	
rust_thread	os-thread	10000	2	OK	272.003	85760	10000	270.346	
rust_thread	os-thread	10000	3	OK	260.223	85528	10000	256.915	
rust_thread	os-thread	100000	1	OK	2659.610	847172	100000	2654.436	
rust_thread	os-thread	100000	2	OK	2580.881	847088	100000	2571.102	
rust_thread	os-thread	100000	3	OK	2462.882	846980	100000	2456.188	
rust_thread	os-thread	1000000	1	OOM					cgroup OOM-kill under MemoryMax=4500M (no harness output); 
rust_thread	os-thread	1000000	2	OOM					cgroup OOM-kill under MemoryMax=4500M (no harness output); 
rust_thread	os-thread	1000000	3	OOM					cgroup OOM-kill under MemoryMax=4500M (no harness output); 
rust_async	lightweight	1	1	OK	6.469	3024	1	0.061	
rust_async	lightweight	1	2	OK	4.311	3020	1	0.064	
rust_async	lightweight	1	3	OK	4.255	3024	1	0.036	
rust_async	lightweight	1000	1	OK	4.249	3148	1000	1.138	
rust_async	lightweight	1000	2	OK	5.441	3160	1000	1.017	
rust_async	lightweight	1000	3	OK	4.195	3384	1000	1.370	
rust_async	lightweight	10000	1	OK	18.672	6596	10000	13.994	
rust_async	lightweight	10000	2	OK	18.727	6644	10000	14.223	
rust_async	lightweight	10000	3	OK	18.609	6680	10000	14.323	
rust_async	lightweight	100000	1	OK	127.856	40868	100000	123.019	
rust_async	lightweight	100000	2	OK	115.454	40976	100000	112.319	
rust_async	lightweight	100000	3	OK	123.906	41040	100000	119.244	
rust_async	lightweight	1000000	1	OK	1145.776	384944	1000000	1142.778	
rust_async	lightweight	1000000	2	OK	1142.669	385124	1000000	1138.474	
rust_async	lightweight	1000000	3	OK	1153.888	384744	1000000	1151.026	
java	os-thread	1	1	OK	62.085	42036	1	4.134	
java	os-thread	1	2	OK	76.344	41356	1	6.432	
java	os-thread	1	3	OK	80.892	41744	1	8.869	
java	os-thread	1000	1	OK	160.815	44272	1000	86.334	
java	os-thread	1000	2	OK	150.837	44312	1000	66.655	
java	os-thread	1000	3	OK	134.145	44812	1000	64.786	
java	os-thread	10000	1	OK	640.197	50020	10000	565.698	
java	os-thread	10000	2	OK	632.299	52000	10000	557.128	
java	os-thread	10000	3	OK	608.578	52208	10000	540.757	
java	os-thread	100000	1	OK	5535.545	99392	100000	5455.617	
java	os-thread	100000	2	OK	5539.496	98812	100000	5466.217	
java	os-thread	100000	3	OK	5420.997	98748	100000	5350.459	
java	os-thread	1000000	1	OK	54272.151	627024	1000000	54132.862	
java	os-thread	1000000	2	OK	109585.674	636396	1000000	109436.533	
java	os-thread	1000000	3	OK	64302.250	572932	1000000	64195.023	
node	lightweight	1	1	OK	39.583	76552	1	0.087	
node	lightweight	1	2	OK	33.167	76700	1	0.034	
node	lightweight	1	3	OK	33.045	76520	1	0.039	
node	lightweight	1000	1	OK	41.254	77528	1000	0.660	
node	lightweight	1000	2	OK	41.330	77460	1000	0.757	
node	lightweight	1000	3	OK	39.318	77360	1000	0.483	
node	lightweight	10000	1	OK	61.811	83824	10000	10.218	
node	lightweight	10000	2	OK	50.126	83340	10000	9.985	
node	lightweight	10000	3	OK	43.523	83192	10000	8.612	
node	lightweight	100000	1	OK	108.101	147752	100000	61.408	
node	lightweight	100000	2	OK	107.586	147440	100000	66.190	
node	lightweight	100000	3	OK	96.984	148084	100000	57.527	
node	lightweight	1000000	1	OK	891.410	628692	1000000	722.577	
node	lightweight	1000000	2	OK	764.023	648624	1000000	653.139	
node	lightweight	1000000	3	OK	797.755	649300	1000000	673.874	
python	lightweight	1	1	OK	82.868	20116	1	0.066	
python	lightweight	1	2	OK	85.116	19852	1	0.065	
python	lightweight	1	3	OK	91.388	20124	1	0.069	
python	lightweight	1000	1	OK	116.742	20904	1000	4.892	
python	lightweight	1000	2	OK	112.308	21128	1000	4.750	
python	lightweight	1000	3	OK	109.727	21008	1000	5.153	
python	lightweight	10000	1	OK	138.530	31824	10000	54.360	
python	lightweight	10000	2	OK	136.067	31820	10000	53.319	
python	lightweight	10000	3	OK	136.219	31968	10000	53.995	
python	lightweight	100000	1	OK	921.156	137760	100000	807.191	
python	lightweight	100000	2	OK	857.071	139280	100000	755.609	
python	lightweight	100000	3	OK	890.272	138888	100000	788.514	
python	lightweight	1000000	1	OK	10532.809	1216580	1000000	10284.945	
python	lightweight	1000000	2	OK	10211.809	1216940	1000000	9989.463	
python	lightweight	1000000	3	OK	10121.470	1217552	1000000	9871.443	
